tournament_id,round_num,match_id,player1_id,player1_strategy,player2_id,player2_strategy,winner_id,player1_score,player2_score,draw
1,1,R1_M1,P01,Pattern,P02,Random,P02,2,3,False
1,1,R1_M2,P03,Random,P04,Pattern,DRAW,2,2,True
1,2,R2_M1,P01,Frequency,P03,Random,P03,1,3,False
1,2,R2_M2,P02,Random,P04,Random,P04,2,3,False
1,3,R3_M1,P01,Pattern,P04,Random,DRAW,2,2,True
1,3,R3_M2,P02,Pattern,P03,Pattern,DRAW,2,2,True
2,1,R1_M1,P01,Pattern,P02,Random,DRAW,2,2,True
2,1,R1_M2,P03,Pattern,P04,Frequency,P04,1,3,False
2,2,R2_M1,P01,Random,P03,Random,P03,2,3,False
2,2,R2_M2,P02,Random,P04,Random,P04,2,3,False
2,3,R3_M1,P01,Random,P04,Pattern,DRAW,2,2,True
2,3,R3_M2,P02,Pattern,P03,Random,DRAW,2,2,True
3,1,R1_M1,P01,Pattern,P02,Random,P02,2,3,False
3,1,R1_M2,P03,Pattern,P04,Pattern,P04,1,3,False
3,2,R2_M1,P01,Pattern,P03,Pattern,DRAW,2,2,True
3,2,R2_M2,P02,Frequency,P04,Random,P02,3,2,False
3,3,R3_M1,P01,Frequency,P04,Pattern,P01,3,2,False
3,3,R3_M2,P02,Frequency,P03,Random,P02,3,2,False
4,1,R1_M1,P01,Random,P02,Pattern,DRAW,2,2,True
4,1,R1_M2,P03,Frequency,P04,Frequency,P04,2,3,False
4,2,R2_M1,P01,Frequency,P03,Random,P03,1,3,False
4,2,R2_M2,P02,Random,P04,Frequency,P04,1,3,False
4,3,R3_M1,P01,Random,P04,Random,P01,3,2,False
4,3,R3_M2,P02,Frequency,P03,Random,P02,3,2,False
5,1,R1_M1,P01,Frequency,P02,Frequency,P01,3,2,False
5,1,R1_M2,P03,Pattern,P04,Frequency,P03,3,1,False
5,2,R2_M1,P01,Random,P03,Pattern,P03,1,3,False
5,2,R2_M2,P02,Frequency,P04,Pattern,P02,3,2,False
5,3,R3_M1,P01,Random,P04,Frequency,P04,2,3,False
5,3,R3_M2,P02,Random,P03,Pattern,DRAW,2,2,True
6,1,R1_M1,P01,Frequency,P02,Pattern,DRAW,2,2,True
6,1,R1_M2,P03,Pattern,P04,Frequency,P04,1,3,False
6,2,R2_M1,P01,Pattern,P03,Random,P03,2,3,False
6,2,R2_M2,P02,Pattern,P04,Random,P04,2,3,False
6,3,R3_M1,P01,Random,P04,Pattern,DRAW,2,2,True
6,3,R3_M2,P02,Random,P03,Frequency,P02,3,1,False
7,1,R1_M1,P01,Random,P02,Random,P01,3,2,False
7,1,R1_M2,P03,Random,P04,Frequency,P03,3,1,False
7,2,R2_M1,P01,Frequency,P03,Frequency,P03,1,3,False
7,2,R2_M2,P02,Pattern,P04,Frequency,DRAW,2,2,True
7,3,R3_M1,P01,Random,P04,Frequency,DRAW,2,2,True
7,3,R3_M2,P02,Frequency,P03,Random,P02,3,2,False
8,1,R1_M1,P01,Pattern,P02,Frequency,P01,3,2,False
8,1,R1_M2,P03,Pattern,P04,Pattern,P03,3,1,False
8,2,R2_M1,P01,Pattern,P03,Random,P03,1,3,False
8,2,R2_M2,P02,Pattern,P04,Pattern,P04,2,3,False
8,3,R3_M1,P01,Random,P04,Pattern,P04,2,3,False
8,3,R3_M2,P02,Pattern,P03,Random,P02,3,1,False
9,1,R1_M1,P01,Random,P02,Frequency,DRAW,2,2,True
9,1,R1_M2,P03,Frequency,P04,Frequency,P04,1,3,False
9,2,R2_M1,P01,Pattern,P03,Pattern,P01,3,1,False
9,2,R2_M2,P02,Pattern,P04,Random,P02,3,2,False
9,3,R3_M1,P01,Pattern,P04,Frequency,DRAW,2,2,True
9,3,R3_M2,P02,Random,P03,Random,DRAW,2,2,True
10,1,R1_M1,P01,Random,P02,Frequency,P01,3,2,False
10,1,R1_M2,P03,Frequency,P04,Frequency,DRAW,2,2,True
10,2,R2_M1,P01,Random,P03,Random,P01,3,1,False
10,2,R2_M2,P02,Pattern,P04,Pattern,P04,2,3,False
10,3,R3_M1,P01,Frequency,P04,Random,P04,2,3,False
10,3,R3_M2,P02,Pattern,P03,Frequency,DRAW,2,2,True
11,1,R1_M1,P01,Frequency,P02,Pattern,P01,3,2,False
11,1,R1_M2,P03,Frequency,P04,Random,P04,1,3,False
11,2,R2_M1,P01,Frequency,P03,Random,P01,3,2,False
11,2,R2_M2,P02,Random,P04,Pattern,P04,2,3,False
11,3,R3_M1,P01,Pattern,P04,Pattern,DRAW,2,2,True
11,3,R3_M2,P02,Frequency,P03,Pattern,P03,2,3,False
12,1,R1_M1,P01,Pattern,P02,Frequency,P02,2,3,False
12,1,R1_M2,P03,Pattern,P04,Frequency,P03,3,2,False
12,2,R2_M1,P01,Frequency,P03,Random,P03,1,3,False
12,2,R2_M2,P02,Random,P04,Pattern,P02,3,2,False
12,3,R3_M1,P01,Frequency,P04,Random,DRAW,2,2,True
12,3,R3_M2,P02,Random,P03,Random,P03,2,3,False
13,1,R1_M1,P01,Random,P02,Pattern,DRAW,2,2,True
13,1,R1_M2,P03,Random,P04,Pattern,P04,1,3,False
13,2,R2_M1,P01,Frequency,P03,Pattern,DRAW,2,2,True
13,2,R2_M2,P02,Random,P04,Frequency,P04,2,3,False
13,3,R3_M1,P01,Frequency,P04,Pattern,P01,3,1,False
13,3,R3_M2,P02,Frequency,P03,Pattern,DRAW,2,2,True
14,1,R1_M1,P01,Frequency,P02,Pattern,DRAW,2,2,True
14,1,R1_M2,P03,Random,P04,Pattern,P04,2,3,False
14,2,R2_M1,P01,Pattern,P03,Random,P01,3,2,False
14,2,R2_M2,P02,Pattern,P04,Pattern,P02,3,1,False
14,3,R3_M1,P01,Frequency,P04,Pattern,DRAW,2,2,True
14,3,R3_M2,P02,Frequency,P03,Random,P03,1,3,False
15,1,R1_M1,P01,Frequency,P02,Frequency,DRAW,2,2,True
15,1,R1_M2,P03,Random,P04,Frequency,P03,3,1,False
15,2,R2_M1,P01,Random,P03,Pattern,P03,2,3,False
15,2,R2_M2,P02,Pattern,P04,Frequency,P02,3,2,False
15,3,R3_M1,P01,Pattern,P04,Random,DRAW,2,2,True
15,3,R3_M2,P02,Pattern,P03,Random,P02,3,1,False
16,1,R1_M1,P01,Pattern,P02,Frequency,P02,2,3,False
16,1,R1_M2,P03,Pattern,P04,Pattern,DRAW,2,2,True
16,2,R2_M1,P01,Pattern,P03,Random,P03,1,3,False
16,2,R2_M2,P02,Random,P04,Frequency,P02,3,1,False
16,3,R3_M1,P01,Random,P04,Pattern,DRAW,2,2,True
16,3,R3_M2,P02,Pattern,P03,Random,P03,2,3,False
17,1,R1_M1,P01,Pattern,P02,Frequency,P01,3,2,False
17,1,R1_M2,P03,Frequency,P04,Random,P04,2,3,False
17,2,R2_M1,P01,Random,P03,Frequency,DRAW,2,2,True
17,2,R2_M2,P02,Frequency,P04,Random,P04,1,3,False
17,3,R3_M1,P01,Random,P04,Random,P04,1,3,False
17,3,R3_M2,P02,Pattern,P03,Random,P02,3,1,False
18,1,R1_M1,P01,Random,P02,Pattern,DRAW,2,2,True
18,1,R1_M2,P03,Frequency,P04,Random,DRAW,2,2,True
18,2,R2_M1,P01,Pattern,P03,Random,DRAW,2,2,True
18,2,R2_M2,P02,Random,P04,Pattern,P04,2,3,False
18,3,R3_M1,P01,Frequency,P04,Pattern,P01,3,2,False
18,3,R3_M2,P02,Random,P03,Frequency,P02,3,2,False
19,1,R1_M1,P01,Pattern,P02,Pattern,DRAW,2,2,True
19,1,R1_M2,P03,Frequency,P04,Random,P03,3,2,False
19,2,R2_M1,P01,Pattern,P03,Pattern,P03,2,3,False
19,2,R2_M2,P02,Pattern,P04,Random,DRAW,2,2,True
19,3,R3_M1,P01,Pattern,P04,Frequency,P04,2,3,False
19,3,R3_M2,P02,Frequency,P03,Pattern,P02,3,1,False
20,1,R1_M1,P01,Pattern,P02,Frequency,P02,1,3,False
20,1,R1_M2,P03,Frequency,P04,Pattern,DRAW,2,2,True
20,2,R2_M1,P01,Frequency,P03,Random,DRAW,2,2,True
20,2,R2_M2,P02,Random,P04,Random,P04,1,3,False
20,3,R3_M1,P01,Random,P04,Frequency,DRAW,2,2,True
20,3,R3_M2,P02,Random,P03,Pattern,P02,3,2,False
21,1,R1_M1,P01,Pattern,P02,Random,DRAW,2,2,True
21,1,R1_M2,P03,Pattern,P04,Random,P04,2,3,False
21,2,R2_M1,P01,Random,P03,Random,P01,3,1,False
21,2,R2_M2,P02,Pattern,P04,Pattern,P02,3,1,False
21,3,R3_M1,P01,Random,P04,Random,P04,2,3,False
21,3,R3_M2,P02,Random,P03,Random,P02,3,1,False
22,1,R1_M1,P01,Frequency,P02,Random,P01,3,1,False
22,1,R1_M2,P03,Pattern,P04,Random,P04,2,3,False
22,2,R2_M1,P01,Frequency,P03,Pattern,P03,2,3,False
22,2,R2_M2,P02,Frequency,P04,Random,DRAW,2,2,True
22,3,R3_M1,P01,Pattern,P04,Random,DRAW,2,2,True
22,3,R3_M2,P02,Pattern,P03,Pattern,DRAW,2,2,True
23,1,R1_M1,P01,Pattern,P02,Frequency,P01,3,2,False
23,1,R1_M2,P03,Random,P04,Frequency,DRAW,2,2,True
23,2,R2_M1,P01,Frequency,P03,Random,P01,3,2,False
23,2,R2_M2,P02,Random,P04,Random,DRAW,2,2,True
23,3,R3_M1,P01,Pattern,P04,Frequency,P04,2,3,False
23,3,R3_M2,P02,Frequency,P03,Frequency,P02,3,2,False
24,1,R1_M1,P01,Frequency,P02,Frequency,P01,3,2,False
24,1,R1_M2,P03,Pattern,P04,Random,P04,1,3,False
24,2,R2_M1,P01,Pattern,P03,Pattern,P03,1,3,False
24,2,R2_M2,P02,Pattern,P04,Random,DRAW,2,2,True
24,3,R3_M1,P01,Random,P04,Frequency,P04,2,3,False
24,3,R3_M2,P02,Pattern,P03,Frequency,P02,3,2,False
25,1,R1_M1,P01,Random,P02,Random,P02,1,3,False
25,1,R1_M2,P03,Random,P04,Random,P03,3,2,False
25,2,R2_M1,P01,Pattern,P03,Frequency,P01,3,1,False
25,2,R2_M2,P02,Random,P04,Frequency,DRAW,2,2,True
25,3,R3_M1,P01,Random,P04,Frequency,DRAW,2,2,True
25,3,R3_M2,P02,Frequency,P03,Random,DRAW,2,2,True
26,1,R1_M1,P01,Random,P02,Frequency,P01,3,1,False
26,1,R1_M2,P03,Pattern,P04,Random,P04,1,3,False
26,2,R2_M1,P01,Random,P03,Pattern,P01,3,1,False
26,2,R2_M2,P02,Pattern,P04,Random,P02,3,1,False
26,3,R3_M1,P01,Random,P04,Random,DRAW,2,2,True
26,3,R3_M2,P02,Random,P03,Frequency,P02,3,1,False
27,1,R1_M1,P01,Frequency,P02,Frequency,P02,1,3,False
27,1,R1_M2,P03,Random,P04,Frequency,DRAW,2,2,True
27,2,R2_M1,P01,Random,P03,Random,P01,3,2,False
27,2,R2_M2,P02,Frequency,P04,Random,P02,3,1,False
27,3,R3_M1,P01,Frequency,P04,Frequency,DRAW,2,2,True
27,3,R3_M2,P02,Frequency,P03,Frequency,P03,1,3,False
28,1,R1_M1,P01,Frequency,P02,Pattern,P01,3,1,False
28,1,R1_M2,P03,Pattern,P04,Pattern,P03,3,1,False
28,2,R2_M1,P01,Pattern,P03,Pattern,P03,1,3,False
28,2,R2_M2,P02,Frequency,P04,Random,DRAW,2,2,True
28,3,R3_M1,P01,Random,P04,Frequency,P04,1,3,False
28,3,R3_M2,P02,Random,P03,Random,P02,3,2,False
29,1,R1_M1,P01,Pattern,P02,Pattern,P01,3,1,False
29,1,R1_M2,P03,Pattern,P04,Random,DRAW,2,2,True
29,2,R2_M1,P01,Pattern,P03,Frequency,P03,1,3,False
29,2,R2_M2,P02,Random,P04,Random,DRAW,2,2,True
29,3,R3_M1,P01,Pattern,P04,Frequency,P01,3,2,False
29,3,R3_M2,P02,Pattern,P03,Pattern,P03,2,3,False
30,1,R1_M1,P01,Random,P02,Random,DRAW,2,2,True
30,1,R1_M2,P03,Pattern,P04,Random,DRAW,2,2,True
30,2,R2_M1,P01,Random,P03,Random,P01,3,2,False
30,2,R2_M2,P02,Pattern,P04,Random,DRAW,2,2,True
30,3,R3_M1,P01,Pattern,P04,Random,P01,3,1,False
30,3,R3_M2,P02,Frequency,P03,Random,DRAW,2,2,True
31,1,R1_M1,P01,Pattern,P02,Random,DRAW,2,2,True
31,1,R1_M2,P03,Pattern,P04,Pattern,DRAW,2,2,True
31,2,R2_M1,P01,Random,P03,Pattern,P03,2,3,False
31,2,R2_M2,P02,Random,P04,Frequency,DRAW,2,2,True
31,3,R3_M1,P01,Pattern,P04,Pattern,P01,3,1,False
31,3,R3_M2,P02,Pattern,P03,Pattern,P03,2,3,False
32,1,R1_M1,P01,Frequency,P02,Frequency,P02,1,3,False
32,1,R1_M2,P03,Random,P04,Pattern,P04,2,3,False
32,2,R2_M1,P01,Pattern,P03,Frequency,P01,3,1,False
32,2,R2_M2,P02,Random,P04,Frequency,P04,1,3,False
32,3,R3_M1,P01,Frequency,P04,Random,P01,3,1,False
32,3,R3_M2,P02,Pattern,P03,Pattern,P03,2,3,False
33,1,R1_M1,P01,Frequency,P02,Frequency,P02,2,3,False
33,1,R1_M2,P03,Frequency,P04,Random,P04,2,3,False
33,2,R2_M1,P01,Random,P03,Frequency,P01,3,1,False
33,2,R2_M2,P02,Pattern,P04,Pattern,DRAW,2,2,True
33,3,R3_M1,P01,Random,P04,Random,DRAW,2,2,True
33,3,R3_M2,P02,Pattern,P03,Random,DRAW,2,2,True
34,1,R1_M1,P01,Pattern,P02,Frequency,DRAW,2,2,True
34,1,R1_M2,P03,Random,P04,Frequency,P03,3,2,False
34,2,R2_M1,P01,Random,P03,Random,P03,1,3,False
34,2,R2_M2,P02,Frequency,P04,Frequency,P04,2,3,False
34,3,R3_M1,P01,Random,P04,Frequency,P04,2,3,False
34,3,R3_M2,P02,Pattern,P03,Pattern,P03,1,3,False
35,1,R1_M1,P01,Frequency,P02,Pattern,P02,2,3,False
35,1,R1_M2,P03,Pattern,P04,Pattern,P04,2,3,False
35,2,R2_M1,P01,Random,P03,Pattern,P03,1,3,False
35,2,R2_M2,P02,Pattern,P04,Frequency,DRAW,2,2,True
35,3,R3_M1,P01,Pattern,P04,Random,P04,1,3,False
35,3,R3_M2,P02,Random,P03,Frequency,P02,3,1,False
36,1,R1_M1,P01,Random,P02,Random,P01,3,2,False
36,1,R1_M2,P03,Pattern,P04,Pattern,P03,3,2,False
36,2,R2_M1,P01,Random,P03,Frequency,P01,3,1,False
36,2,R2_M2,P02,Frequency,P04,Pattern,DRAW,2,2,True
36,3,R3_M1,P01,Random,P04,Pattern,DRAW,2,2,True
36,3,R3_M2,P02,Frequency,P03,Random,DRAW,2,2,True
37,1,R1_M1,P01,Pattern,P02,Pattern,P02,1,3,False
37,1,R1_M2,P03,Frequency,P04,Pattern,P04,2,3,False
37,2,R2_M1,P01,Frequency,P03,Frequency,DRAW,2,2,True
37,2,R2_M2,P02,Random,P04,Random,P04,1,3,False
37,3,R3_M1,P01,Pattern,P04,Frequency,P04,2,3,False
37,3,R3_M2,P02,Frequency,P03,Random,P03,1,3,False
38,1,R1_M1,P01,Random,P02,Frequency,DRAW,2,2,True
38,1,R1_M2,P03,Random,P04,Pattern,DRAW,2,2,True
38,2,R2_M1,P01,Frequency,P03,Random,P01,3,1,False
38,2,R2_M2,P02,Pattern,P04,Frequency,DRAW,2,2,True
38,3,R3_M1,P01,Pattern,P04,Pattern,P04,1,3,False
38,3,R3_M2,P02,Frequency,P03,Pattern,P02,3,2,False
39,1,R1_M1,P01,Random,P02,Random,DRAW,2,2,True
39,1,R1_M2,P03,Random,P04,Pattern,P04,1,3,False
39,2,R2_M1,P01,Random,P03,Pattern,P03,1,3,False
39,2,R2_M2,P02,Random,P04,Frequency,P04,1,3,False
39,3,R3_M1,P01,Pattern,P04,Pattern,DRAW,2,2,True
39,3,R3_M2,P02,Random,P03,Frequency,DRAW,2,2,True
40,1,R1_M1,P01,Random,P02,Random,DRAW,2,2,True
40,1,R1_M2,P03,Frequency,P04,Frequency,P04,1,3,False
40,2,R2_M1,P01,Random,P03,Frequency,P01,3,2,False
40,2,R2_M2,P02,Random,P04,Pattern,DRAW,2,2,True
40,3,R3_M1,P01,Random,P04,Pattern,P04,2,3,False
40,3,R3_M2,P02,Random,P03,Frequency,P03,1,3,False
41,1,R1_M1,P01,Pattern,P02,Frequency,P01,3,1,False
41,1,R1_M2,P03,Pattern,P04,Pattern,DRAW,2,2,True
41,2,R2_M1,P01,Random,P03,Random,DRAW,2,2,True
41,2,R2_M2,P02,Random,P04,Random,P04,1,3,False
41,3,R3_M1,P01,Frequency,P04,Random,P01,3,1,False
41,3,R3_M2,P02,Random,P03,Pattern,P02,3,1,False
42,1,R1_M1,P01,Frequency,P02,Frequency,P02,2,3,False
42,1,R1_M2,P03,Pattern,P04,Pattern,P04,2,3,False
42,2,R2_M1,P01,Random,P03,Frequency,P01,3,2,False
42,2,R2_M2,P02,Random,P04,Pattern,P04,2,3,False
42,3,R3_M1,P01,Random,P04,Frequency,DRAW,2,2,True
42,3,R3_M2,P02,Random,P03,Frequency,DRAW,2,2,True
43,1,R1_M1,P01,Random,P02,Random,P01,3,1,False
43,1,R1_M2,P03,Frequency,P04,Frequency,P03,3,1,False
43,2,R2_M1,P01,Frequency,P03,Random,DRAW,2,2,True
43,2,R2_M2,P02,Random,P04,Random,P02,3,1,False
43,3,R3_M1,P01,Pattern,P04,Random,P04,2,3,False
43,3,R3_M2,P02,Frequency,P03,Frequency,DRAW,2,2,True
44,1,R1_M1,P01,Frequency,P02,Random,P02,2,3,False
44,1,R1_M2,P03,Frequency,P04,Frequency,DRAW,2,2,True
44,2,R2_M1,P01,Pattern,P03,Pattern,P03,2,3,False
44,2,R2_M2,P02,Frequency,P04,Pattern,P04,1,3,False
44,3,R3_M1,P01,Pattern,P04,Frequency,DRAW,2,2,True
44,3,R3_M2,P02,Random,P03,Random,P02,3,2,False
45,1,R1_M1,P01,Frequency,P02,Random,P02,1,3,False
45,1,R1_M2,P03,Pattern,P04,Frequency,P04,2,3,False
45,2,R2_M1,P01,Random,P03,Random,DRAW,2,2,True
45,2,R2_M2,P02,Pattern,P04,Frequency,DRAW,2,2,True
45,3,R3_M1,P01,Frequency,P04,Pattern,P04,1,3,False
45,3,R3_M2,P02,Frequency,P03,Frequency,P02,3,2,False
46,1,R1_M1,P01,Pattern,P02,Pattern,DRAW,2,2,True
46,1,R1_M2,P03,Random,P04,Frequency,P03,3,1,False
46,2,R2_M1,P01,Pattern,P03,Random,P01,3,2,False
46,2,R2_M2,P02,Frequency,P04,Random,P02,3,1,False
46,3,R3_M1,P01,Pattern,P04,Frequency,P04,2,3,False
46,3,R3_M2,P02,Random,P03,Pattern,P03,1,3,False
47,1,R1_M1,P01,Pattern,P02,Pattern,P01,3,2,False
47,1,R1_M2,P03,Pattern,P04,Pattern,DRAW,2,2,True
47,2,R2_M1,P01,Pattern,P03,Pattern,P03,1,3,False
47,2,R2_M2,P02,Random,P04,Frequency,P02,3,2,False
47,3,R3_M1,P01,Frequency,P04,Random,DRAW,2,2,True
47,3,R3_M2,P02,Pattern,P03,Frequency,DRAW,2,2,True
48,1,R1_M1,P01,Pattern,P02,Frequency,P01,3,2,False
48,1,R1_M2,P03,Pattern,P04,Random,P03,3,2,False
48,2,R2_M1,P01,Pattern,P03,Frequency,DRAW,2,2,True
48,2,R2_M2,P02,Pattern,P04,Frequency,P02,3,2,False
48,3,R3_M1,P01,Pattern,P04,Frequency,P01,3,2,False
48,3,R3_M2,P02,Frequency,P03,Frequency,P02,3,2,False
49,1,R1_M1,P01,Pattern,P02,Frequency,DRAW,2,2,True
49,1,R1_M2,P03,Pattern,P04,Random,P04,2,3,False
49,2,R2_M1,P01,Random,P03,Frequency,DRAW,2,2,True
49,2,R2_M2,P02,Pattern,P04,Frequency,DRAW,2,2,True
49,3,R3_M1,P01,Pattern,P04,Pattern,P04,2,3,False
49,3,R3_M2,P02,Random,P03,Pattern,P02,3,2,False
50,1,R1_M1,P01,Pattern,P02,Frequency,P01,3,2,False
50,1,R1_M2,P03,Frequency,P04,Pattern,P03,3,2,False
50,2,R2_M1,P01,Random,P03,Frequency,DRAW,2,2,True
50,2,R2_M2,P02,Frequency,P04,Random,P04,1,3,False
50,3,R3_M1,P01,Frequency,P04,Pattern,P04,1,3,False
50,3,R3_M2,P02,Pattern,P03,Pattern,P02,3,2,False
51,1,R1_M1,P01,Frequency,P02,Frequency,DRAW,2,2,True
51,1,R1_M2,P03,Frequency,P04,Frequency,P04,1,3,False
51,2,R2_M1,P01,Pattern,P03,Random,P03,2,3,False
51,2,R2_M2,P02,Pattern,P04,Frequency,DRAW,2,2,True
51,3,R3_M1,P01,Pattern,P04,Random,P04,1,3,False
51,3,R3_M2,P02,Pattern,P03,Random,P03,1,3,False
52,1,R1_M1,P01,Frequency,P02,Pattern,P01,3,1,False
52,1,R1_M2,P03,Pattern,P04,Pattern,DRAW,2,2,True
52,2,R2_M1,P01,Pattern,P03,Frequency,DRAW,2,2,True
52,2,R2_M2,P02,Random,P04,Random,P02,3,2,False
52,3,R3_M1,P01,Pattern,P04,Frequency,P04,1,3,False
52,3,R3_M2,P02,Random,P03,Random,P02,3,1,False
53,1,R1_M1,P01,Random,P02,Random,P01,3,2,False
53,1,R1_M2,P03,Random,P04,Random,P03,3,1,False
53,2,R2_M1,P01,Frequency,P03,Pattern,DRAW,2,2,True
53,2,R2_M2,P02,Random,P04,Frequency,P02,3,1,False
53,3,R3_M1,P01,Frequency,P04,Pattern,P01,3,2,False
53,3,R3_M2,P02,Pattern,P03,Random,P03,2,3,False
54,1,R1_M1,P01,Pattern,P02,Pattern,DRAW,2,2,True
54,1,R1_M2,P03,Frequency,P04,Frequency,DRAW,2,2,True
54,2,R2_M1,P01,Frequency,P03,Random,DRAW,2,2,True
54,2,R2_M2,P02,Random,P04,Pattern,DRAW,2,2,True
54,3,R3_M1,P01,Pattern,P04,Random,DRAW,2,2,True
54,3,R3_M2,P02,Random,P03,Frequency,P03,2,3,False
55,1,R1_M1,P01,Random,P02,Random,P01,3,2,False
55,1,R1_M2,P03,Pattern,P04,Pattern,P03,3,2,False
55,2,R2_M1,P01,Frequency,P03,Random,P03,2,3,False
55,2,R2_M2,P02,Pattern,P04,Random,P04,1,3,False
55,3,R3_M1,P01,Random,P04,Frequency,P04,1,3,False
55,3,R3_M2,P02,Random,P03,Frequency,P03,2,3,False
56,1,R1_M1,P01,Pattern,P02,Pattern,P02,1,3,False
56,1,R1_M2,P03,Pattern,P04,Pattern,P03,3,2,False
56,2,R2_M1,P01,Frequency,P03,Frequency,P03,1,3,False
56,2,R2_M2,P02,Pattern,P04,Pattern,DRAW,2,2,True
56,3,R3_M1,P01,Pattern,P04,Frequency,P01,3,2,False
56,3,R3_M2,P02,Pattern,P03,Frequency,P03,1,3,False
57,1,R1_M1,P01,Random,P02,Pattern,P02,1,3,False
57,1,R1_M2,P03,Frequency,P04,Frequency,P04,2,3,False
57,2,R2_M1,P01,Frequency,P03,Random,DRAW,2,2,True
57,2,R2_M2,P02,Pattern,P04,Frequency,P02,3,1,False
57,3,R3_M1,P01,Pattern,P04,Frequency,P04,1,3,False
57,3,R3_M2,P02,Pattern,P03,Random,P03,1,3,False
58,1,R1_M1,P01,Frequency,P02,Frequency,DRAW,2,2,True
58,1,R1_M2,P03,Random,P04,Pattern,DRAW,2,2,True
58,2,R2_M1,P01,Frequency,P03,Random,P01,3,1,False
58,2,R2_M2,P02,Frequency,P04,Frequency,P02,3,2,False
58,3,R3_M1,P01,Frequency,P04,Pattern,P04,1,3,False
58,3,R3_M2,P02,Random,P03,Random,P03,2,3,False
59,1,R1_M1,P01,Random,P02,Random,P02,2,3,False
59,1,R1_M2,P03,Frequency,P04,Pattern,P04,2,3,False
59,2,R2_M1,P01,Random,P03,Pattern,DRAW,2,2,True
59,2,R2_M2,P02,Random,P04,Random,DRAW,2,2,True
59,3,R3_M1,P01,Frequency,P04,Frequency,P01,3,2,False
59,3,R3_M2,P02,Frequency,P03,Pattern,P02,3,2,False
60,1,R1_M1,P01,Frequency,P02,Frequency,P01,3,2,False
60,1,R1_M2,P03,Random,P04,Random,P04,2,3,False
60,2,R2_M1,P01,Frequency,P03,Frequency,DRAW,2,2,True
60,2,R2_M2,P02,Pattern,P04,Pattern,DRAW,2,2,True
60,3,R3_M1,P01,Random,P04,Pattern,DRAW,2,2,True
60,3,R3_M2,P02,Frequency,P03,Frequency,P02,3,2,False
61,1,R1_M1,P01,Random,P02,Frequency,P01,3,1,False
61,1,R1_M2,P03,Frequency,P04,Frequency,P04,2,3,False
61,2,R2_M1,P01,Frequency,P03,Pattern,DRAW,2,2,True
61,2,R2_M2,P02,Pattern,P04,Pattern,DRAW,2,2,True
61,3,R3_M1,P01,Pattern,P04,Pattern,DRAW,2,2,True
61,3,R3_M2,P02,Random,P03,Frequency,P03,1,3,False
62,1,R1_M1,P01,Random,P02,Frequency,DRAW,2,2,True
62,1,R1_M2,P03,Frequency,P04,Frequency,DRAW,2,2,True
62,2,R2_M1,P01,Random,P03,Frequency,P01,3,2,False
62,2,R2_M2,P02,Frequency,P04,Pattern,DRAW,2,2,True
62,3,R3_M1,P01,Pattern,P04,Frequency,P04,2,3,False
62,3,R3_M2,P02,Pattern,P03,Random,P02,3,1,False
63,1,R1_M1,P01,Frequency,P02,Random,DRAW,2,2,True
63,1,R1_M2,P03,Pattern,P04,Pattern,DRAW,2,2,True
63,2,R2_M1,P01,Random,P03,Frequency,P03,2,3,False
63,2,R2_M2,P02,Pattern,P04,Pattern,P02,3,2,False
63,3,R3_M1,P01,Pattern,P04,Random,P04,1,3,False
63,3,R3_M2,P02,Random,P03,Pattern,P02,3,2,False
64,1,R1_M1,P01,Frequency,P02,Random,P02,1,3,False
64,1,R1_M2,P03,Frequency,P04,Random,P03,3,1,False
64,2,R2_M1,P01,Random,P03,Frequency,P01,3,1,False
64,2,R2_M2,P02,Frequency,P04,Frequency,P04,1,3,False
64,3,R3_M1,P01,Random,P04,Frequency,DRAW,2,2,True
64,3,R3_M2,P02,Frequency,P03,Frequency,DRAW,2,2,True
65,1,R1_M1,P01,Frequency,P02,Frequency,DRAW,2,2,True
65,1,R1_M2,P03,Frequency,P04,Frequency,DRAW,2,2,True
65,2,R2_M1,P01,Random,P03,Frequency,P01,3,2,False
65,2,R2_M2,P02,Random,P04,Pattern,DRAW,2,2,True
65,3,R3_M1,P01,Pattern,P04,Random,P01,3,2,False
65,3,R3_M2,P02,Frequency,P03,Random,P02,3,1,False
66,1,R1_M1,P01,Pattern,P02,Random,P01,3,1,False
66,1,R1_M2,P03,Pattern,P04,Random,DRAW,2,2,True
66,2,R2_M1,P01,Random,P03,Random,P03,1,3,False
66,2,R2_M2,P02,Random,P04,Random,P04,2,3,False
66,3,R3_M1,P01,Pattern,P04,Random,DRAW,2,2,True
66,3,R3_M2,P02,Random,P03,Random,DRAW,2,2,True
67,1,R1_M1,P01,Frequency,P02,Pattern,P01,3,2,False
67,1,R1_M2,P03,Random,P04,Pattern,DRAW,2,2,True
67,2,R2_M1,P01,Random,P03,Frequency,P03,2,3,False
67,2,R2_M2,P02,Pattern,P04,Frequency,P02,3,1,False
67,3,R3_M1,P01,Frequency,P04,Random,P04,2,3,False
67,3,R3_M2,P02,Pattern,P03,Pattern,P02,3,2,False
68,1,R1_M1,P01,Pattern,P02,Pattern,DRAW,2,2,True
68,1,R1_M2,P03,Random,P04,Random,DRAW,2,2,True
68,2,R2_M1,P01,Frequency,P03,Random,P03,2,3,False
68,2,R2_M2,P02,Pattern,P04,Random,P04,2,3,False
68,3,R3_M1,P01,Frequency,P04,Pattern,DRAW,2,2,True
68,3,R3_M2,P02,Pattern,P03,Frequency,DRAW,2,2,True
69,1,R1_M1,P01,Frequency,P02,Pattern,P02,1,3,False
69,1,R1_M2,P03,Random,P04,Random,P03,3,1,False
69,2,R2_M1,P01,Pattern,P03,Pattern,P03,1,3,False
69,2,R2_M2,P02,Pattern,P04,Random,DRAW,2,2,True
69,3,R3_M1,P01,Random,P04,Pattern,P04,2,3,False
69,3,R3_M2,P02,Frequency,P03,Pattern,DRAW,2,2,True
70,1,R1_M1,P01,Pattern,P02,Random,P01,3,1,False
70,1,R1_M2,P03,Pattern,P04,Random,P04,1,3,False
70,2,R2_M1,P01,Frequency,P03,Pattern,P01,3,2,False
70,2,R2_M2,P02,Frequency,P04,Pattern,P04,1,3,False
70,3,R3_M1,P01,Frequency,P04,Random,P04,1,3,False
70,3,R3_M2,P02,Pattern,P03,Pattern,P02,3,2,False
71,1,R1_M1,P01,Frequency,P02,Random,P02,1,3,False
71,1,R1_M2,P03,Frequency,P04,Frequency,P04,1,3,False
71,2,R2_M1,P01,Random,P03,Frequency,P03,2,3,False
71,2,R2_M2,P02,Frequency,P04,Pattern,P02,3,2,False
71,3,R3_M1,P01,Frequency,P04,Pattern,P01,3,2,False
71,3,R3_M2,P02,Random,P03,Frequency,P02,3,1,False
72,1,R1_M1,P01,Random,P02,Pattern,P02,1,3,False
72,1,R1_M2,P03,Pattern,P04,Pattern,DRAW,2,2,True
72,2,R2_M1,P01,Frequency,P03,Pattern,DRAW,2,2,True
72,2,R2_M2,P02,Pattern,P04,Frequency,P04,1,3,False
72,3,R3_M1,P01,Frequency,P04,Frequency,P01,3,1,False
72,3,R3_M2,P02,Pattern,P03,Pattern,P03,2,3,False
73,1,R1_M1,P01,Frequency,P02,Frequency,DRAW,2,2,True
73,1,R1_M2,P03,Random,P04,Random,P03,3,2,False
73,2,R2_M1,P01,Frequency,P03,Frequency,P03,1,3,False
73,2,R2_M2,P02,Random,P04,Frequency,P02,3,1,False
73,3,R3_M1,P01,Pattern,P04,Pattern,P04,1,3,False
73,3,R3_M2,P02,Pattern,P03,Frequency,P02,3,2,False
74,1,R1_M1,P01,Frequency,P02,Random,P01,3,2,False
74,1,R1_M2,P03,Frequency,P04,Frequency,P03,3,2,False
74,2,R2_M1,P01,Random,P03,Frequency,P01,3,1,False
74,2,R2_M2,P02,Random,P04,Frequency,P02,3,2,False
74,3,R3_M1,P01,Frequency,P04,Frequency,DRAW,2,2,True
74,3,R3_M2,P02,Frequency,P03,Pattern,DRAW,2,2,True
75,1,R1_M1,P01,Pattern,P02,Frequency,P02,1,3,False
75,1,R1_M2,P03,Pattern,P04,Random,P03,3,2,False
75,2,R2_M1,P01,Pattern,P03,Random,DRAW,2,2,True
75,2,R2_M2,P02,Random,P04,Random,DRAW,2,2,True
75,3,R3_M1,P01,Pattern,P04,Frequency,P01,3,1,False
75,3,R3_M2,P02,Frequency,P03,Pattern,DRAW,2,2,True
76,1,R1_M1,P01,Random,P02,Pattern,P01,3,2,False
76,1,R1_M2,P03,Frequency,P04,Pattern,P04,1,3,False
76,2,R2_M1,P01,Pattern,P03,Frequency,DRAW,2,2,True
76,2,R2_M2,P02,Frequency,P04,Random,P04,1,3,False
76,3,R3_M1,P01,Random,P04,Frequency,DRAW,2,2,True
76,3,R3_M2,P02,Random,P03,Frequency,P03,1,3,False
77,1,R1_M1,P01,Pattern,P02,Random,DRAW,2,2,True
77,1,R1_M2,P03,Frequency,P04,Pattern,DRAW,2,2,True
77,2,R2_M1,P01,Pattern,P03,Frequency,P01,3,2,False
77,2,R2_M2,P02,Frequency,P04,Pattern,P02,3,1,False
77,3,R3_M1,P01,Pattern,P04,Frequency,P04,2,3,False
77,3,R3_M2,P02,Frequency,P03,Pattern,P02,3,2,False
78,1,R1_M1,P01,Pattern,P02,Frequency,P02,2,3,False
78,1,R1_M2,P03,Frequency,P04,Pattern,DRAW,2,2,True
78,2,R2_M1,P01,Frequency,P03,Frequency,P01,3,2,False
78,2,R2_M2,P02,Frequency,P04,Frequency,P02,3,2,False
78,3,R3_M1,P01,Random,P04,Random,P01,3,1,False
78,3,R3_M2,P02,Pattern,P03,Random,DRAW,2,2,True
79,1,R1_M1,P01,Frequency,P02,Random,DRAW,2,2,True
79,1,R1_M2,P03,Pattern,P04,Pattern,P04,1,3,False
79,2,R2_M1,P01,Pattern,P03,Random,P01,3,2,False
79,2,R2_M2,P02,Random,P04,Random,DRAW,2,2,True
79,3,R3_M1,P01,Pattern,P04,Frequency,P04,1,3,False
79,3,R3_M2,P02,Frequency,P03,Pattern,DRAW,2,2,True
80,1,R1_M1,P01,Pattern,P02,Pattern,P02,2,3,False
80,1,R1_M2,P03,Pattern,P04,Frequency,DRAW,2,2,True
80,2,R2_M1,P01,Random,P03,Random,P01,3,1,False
80,2,R2_M2,P02,Frequency,P04,Random,P02,3,2,False
80,3,R3_M1,P01,Frequency,P04,Random,P01,3,2,False
80,3,R3_M2,P02,Frequency,P03,Random,P02,3,1,False
81,1,R1_M1,P01,Pattern,P02,Pattern,P01,3,1,False
81,1,R1_M2,P03,Random,P04,Frequency,P04,2,3,False
81,2,R2_M1,P01,Random,P03,Random,DRAW,2,2,True
81,2,R2_M2,P02,Pattern,P04,Frequency,P04,2,3,False
81,3,R3_M1,P01,Pattern,P04,Random,P04,1,3,False
81,3,R3_M2,P02,Pattern,P03,Frequency,DRAW,2,2,True
82,1,R1_M1,P01,Random,P02,Random,P01,3,2,False
82,1,R1_M2,P03,Pattern,P04,Frequency,P04,1,3,False
82,2,R2_M1,P01,Frequency,P03,Frequency,DRAW,2,2,True
82,2,R2_M2,P02,Frequency,P04,Frequency,P04,2,3,False
82,3,R3_M1,P01,Random,P04,Random,P01,3,2,False
82,3,R3_M2,P02,Frequency,P03,Frequency,P03,2,3,False
83,1,R1_M1,P01,Random,P02,Random,DRAW,2,2,True
83,1,R1_M2,P03,Frequency,P04,Frequency,P04,2,3,False
83,2,R2_M1,P01,Random,P03,Pattern,P03,1,3,False
83,2,R2_M2,P02,Pattern,P04,Pattern,P04,2,3,False
83,3,R3_M1,P01,Random,P04,Random,P04,2,3,False
83,3,R3_M2,P02,Random,P03,Pattern,P02,3,2,False
84,1,R1_M1,P01,Frequency,P02,Random,P01,3,2,False
84,1,R1_M2,P03,Random,P04,Random,DRAW,2,2,True
84,2,R2_M1,P01,Pattern,P03,Frequency,P01,3,2,False
84,2,R2_M2,P02,Pattern,P04,Pattern,P04,1,3,False
84,3,R3_M1,P01,Pattern,P04,Random,P01,3,2,False
84,3,R3_M2,P02,Pattern,P03,Frequency,DRAW,2,2,True
85,1,R1_M1,P01,Frequency,P02,Frequency,P02,2,3,False
85,1,R1_M2,P03,Frequency,P04,Pattern,P04,2,3,False
85,2,R2_M1,P01,Frequency,P03,Frequency,P01,3,2,False
85,2,R2_M2,P02,Pattern,P04,Pattern,P04,2,3,False
85,3,R3_M1,P01,Random,P04,Pattern,P01,3,2,False
85,3,R3_M2,P02,Pattern,P03,Random,DRAW,2,2,True
86,1,R1_M1,P01,Random,P02,Pattern,P02,2,3,False
86,1,R1_M2,P03,Random,P04,Frequency,DRAW,2,2,True
86,2,R2_M1,P01,Pattern,P03,Random,P01,3,1,False
86,2,R2_M2,P02,Random,P04,Random,DRAW,2,2,True
86,3,R3_M1,P01,Random,P04,Pattern,DRAW,2,2,True
86,3,R3_M2,P02,Random,P03,Random,P03,2,3,False
87,1,R1_M1,P01,Random,P02,Frequency,DRAW,2,2,True
87,1,R1_M2,P03,Frequency,P04,Pattern,DRAW,2,2,True
87,2,R2_M1,P01,Pattern,P03,Frequency,DRAW,2,2,True
87,2,R2_M2,P02,Frequency,P04,Random,P02,3,1,False
87,3,R3_M1,P01,Random,P04,Frequency,P01,3,2,False
87,3,R3_M2,P02,Pattern,P03,Frequency,P02,3,1,False
88,1,R1_M1,P01,Pattern,P02,Frequency,P01,3,1,False
88,1,R1_M2,P03,Random,P04,Pattern,DRAW,2,2,True
88,2,R2_M1,P01,Random,P03,Frequency,P03,2,3,False
88,2,R2_M2,P02,Pattern,P04,Pattern,P04,1,3,False
88,3,R3_M1,P01,Pattern,P04,Random,DRAW,2,2,True
88,3,R3_M2,P02,Frequency,P03,Random,P02,3,2,False
89,1,R1_M1,P01,Pattern,P02,Random,P02,2,3,False
89,1,R1_M2,P03,Pattern,P04,Random,P04,1,3,False
89,2,R2_M1,P01,Frequency,P03,Random,DRAW,2,2,True
89,2,R2_M2,P02,Random,P04,Random,P02,3,2,False
89,3,R3_M1,P01,Random,P04,Frequency,P04,2,3,False
89,3,R3_M2,P02,Pattern,P03,Pattern,DRAW,2,2,True
90,1,R1_M1,P01,Pattern,P02,Frequency,P02,1,3,False
90,1,R1_M2,P03,Frequency,P04,Random,P03,3,1,False
90,2,R2_M1,P01,Frequency,P03,Pattern,DRAW,2,2,True
90,2,R2_M2,P02,Frequency,P04,Pattern,P02,3,2,False
90,3,R3_M1,P01,Frequency,P04,Frequency,DRAW,2,2,True
90,3,R3_M2,P02,Pattern,P03,Pattern,P03,1,3,False
91,1,R1_M1,P01,Frequency,P02,Frequency,P02,2,3,False
91,1,R1_M2,P03,Random,P04,Pattern,DRAW,2,2,True
91,2,R2_M1,P01,Random,P03,Frequency,P03,1,3,False
91,2,R2_M2,P02,Pattern,P04,Frequency,DRAW,2,2,True
91,3,R3_M1,P01,Pattern,P04,Frequency,P04,2,3,False
91,3,R3_M2,P02,Random,P03,Random,P02,3,1,False
92,1,R1_M1,P01,Random,P02,Pattern,P01,3,1,False
92,1,R1_M2,P03,Pattern,P04,Pattern,P04,1,3,False
92,2,R2_M1,P01,Random,P03,Pattern,DRAW,2,2,True
92,2,R2_M2,P02,Frequency,P04,Pattern,P04,1,3,False
92,3,R3_M1,P01,Random,P04,Random,DRAW,2,2,True
92,3,R3_M2,P02,Frequency,P03,Pattern,P03,2,3,False
93,1,R1_M1,P01,Pattern,P02,Frequency,DRAW,2,2,True
93,1,R1_M2,P03,Frequency,P04,Random,P03,3,2,False
93,2,R2_M1,P01,Pattern,P03,Frequency,P03,1,3,False
93,2,R2_M2,P02,Pattern,P04,Frequency,DRAW,2,2,True
93,3,R3_M1,P01,Random,P04,Frequency,DRAW,2,2,True
93,3,R3_M2,P02,Frequency,P03,Frequency,DRAW,2,2,True
94,1,R1_M1,P01,Frequency,P02,Frequency,DRAW,2,2,True
94,1,R1_M2,P03,Pattern,P04,Random,P03,3,2,False
94,2,R2_M1,P01,Random,P03,Frequency,DRAW,2,2,True
94,2,R2_M2,P02,Frequency,P04,Pattern,P02,3,1,False
94,3,R3_M1,P01,Frequency,P04,Frequency,P01,3,1,False
94,3,R3_M2,P02,Pattern,P03,Frequency,P02,3,2,False
95,1,R1_M1,P01,Pattern,P02,Random,P01,3,2,False
95,1,R1_M2,P03,Frequency,P04,Random,DRAW,2,2,True
95,2,R2_M1,P01,Frequency,P03,Frequency,DRAW,2,2,True
95,2,R2_M2,P02,Frequency,P04,Random,P04,2,3,False
95,3,R3_M1,P01,Frequency,P04,Pattern,DRAW,2,2,True
95,3,R3_M2,P02,Random,P03,Pattern,P02,3,1,False
96,1,R1_M1,P01,Pattern,P02,Frequency,P01,3,2,False
96,1,R1_M2,P03,Frequency,P04,Random,P04,2,3,False
96,2,R2_M1,P01,Random,P03,Pattern,DRAW,2,2,True
96,2,R2_M2,P02,Frequency,P04,Pattern,P04,2,3,False
96,3,R3_M1,P01,Frequency,P04,Pattern,DRAW,2,2,True
96,3,R3_M2,P02,Frequency,P03,Random,P02,3,1,False
97,1,R1_M1,P01,Random,P02,Frequency,P02,1,3,False
97,1,R1_M2,P03,Pattern,P04,Random,P04,2,3,False
97,2,R2_M1,P01,Frequency,P03,Frequency,DRAW,2,2,True
97,2,R2_M2,P02,Pattern,P04,Frequency,DRAW,2,2,True
97,3,R3_M1,P01,Random,P04,Random,P04,1,3,False
97,3,R3_M2,P02,Pattern,P03,Pattern,DRAW,2,2,True
98,1,R1_M1,P01,Random,P02,Pattern,DRAW,2,2,True
98,1,R1_M2,P03,Random,P04,Frequency,DRAW,2,2,True
98,2,R2_M1,P01,Pattern,P03,Random,P01,3,1,False
98,2,R2_M2,P02,Pattern,P04,Frequency,P04,1,3,False
98,3,R3_M1,P01,Random,P04,Random,P01,3,1,False
98,3,R3_M2,P02,Random,P03,Frequency,P03,1,3,False
99,1,R1_M1,P01,Random,P02,Pattern,P01,3,2,False
99,1,R1_M2,P03,Random,P04,Frequency,DRAW,2,2,True
99,2,R2_M1,P01,Pattern,P03,Frequency,P01,3,2,False
99,2,R2_M2,P02,Pattern,P04,Pattern,DRAW,2,2,True
99,3,R3_M1,P01,Frequency,P04,Frequency,P04,1,3,False
99,3,R3_M2,P02,Frequency,P03,Frequency,P03,1,3,False
100,1,R1_M1,P01,Random,P02,Frequency,DRAW,2,2,True
100,1,R1_M2,P03,Pattern,P04,Random,DRAW,2,2,True
100,2,R2_M1,P01,Frequency,P03,Random,P03,1,3,False
100,2,R2_M2,P02,Pattern,P04,Pattern,DRAW,2,2,True
100,3,R3_M1,P01,Pattern,P04,Random,P04,1,3,False
100,3,R3_M2,P02,Random,P03,Frequency,DRAW,2,2,True
